"name","url","kind","theme","provider","crs","license","needs_auth","linkcheck","status","added","notes"
"gebco25","https://data.source.coop/ausantarctic/gebco/GEBCO_2025.tif","cog","bathymetry","gebco","EPSG:4326","attribution","","","ok","2026-07-08","GEBCO 2025 ice surface. Cite: GEBCO Compilation Group (2025) GEBCO 2025 Grid doi:10.5285/37c52e96-24ea-67ce-e063-7086abc05f29. Hosted on Source Cooperative by the AAD (previously Pawsey)."
"gebco24","https://data.source.coop/ausantarctic/gebco/GEBCO_2024.tif","cog","bathymetry","gebco","EPSG:4326","attribution","","","ok","2026-07-08","GEBCO 2024 ice surface. Hosted on Source Cooperative by the AAD (previously Pawsey)."
"gebco23","https://gebco2023.s3.valeria.science/gebco_2023_land_cog.tif","cog","bathymetry","gebco","EPSG:4326","attribution","","","ok","2026-07-08","GEBCO 2023 ice surface. COG by Philippe Massicotte."
"gebco23_bedrock","https://gebco2023.s3.valeria.science/gebco_2023_sub_ice_topo_cog.tif","cog","bathymetry","gebco","EPSG:4326","attribution","","","ok","2026-07-08","GEBCO 2023 sub-ice (bedrock). COG by Philippe Massicotte."
"gebco22","https://gebco2022.s3.valeria.science/gebco_2022_complete_cog.tif","cog","bathymetry","gebco","EPSG:4326","attribution","","","ok","2026-07-08","GEBCO 2022 bedrock form. COG by Philippe Massicotte."
"gebco21","https://data.aad.gov.au/eds/api/dataset/e2211189-ff68-4ba0-be09-a8f1dbe02af6/object/download?prefix=GEBCO_2021.tif","cog","bathymetry","gebco","EPSG:4326","attribution","","","ok","2026-07-08","GEBCO 2021 ice surface via the AADC data API, which 302-redirects to a presigned object URL; /vsicurl/ follows the redirect. Replaces the retired public.services.aad.gov.au host."
"gebco19","https://data.aad.gov.au/eds/api/dataset/ef32700c-bda7-4d97-916f-6ee0d3a4eb4c/object/download?prefix=GEBCO_2019.tif","cog","bathymetry","gebco","EPSG:4326","attribution","","","ok","2026-07-08","GEBCO 2019 ice surface via the AADC data API (302 redirect to presigned URL, /vsicurl/ follows). Replaces the retired public.services.aad.gov.au host."
"cop30","https://opentopography.s3.sdsc.edu/raster/COP30/COP30_hh.vrt","vrt_url","elevation","opentopography","EPSG:4326","attribution","","","ok","2026-07-08","Copernicus GLO-30 global 30m DEM via OpenTopography VRT."
"cop90","https://opentopography.s3.sdsc.edu/raster/COP90/COP90_hh.vrt","vrt_url","elevation","opentopography","EPSG:4326","attribution","","","ok","2026-07-08","Copernicus GLO-90 global 90m DEM via OpenTopography VRT."
"nasadem","https://opentopography.s3.sdsc.edu/raster/NASADEM/NASADEM_be.vrt","vrt_url","elevation","opentopography","EPSG:4326","attribution","","","ok","2026-07-08","NASADEM bare earth via OpenTopography VRT."
"srtm15","https://opentopography.s3.sdsc.edu/raster/SRTM15Plus/SRTM15Plus_srtm.vrt","vrt_url","bathymetry","opentopography","EPSG:4326","attribution","","","ok","2026-07-08","SRTM15+ global topo-bathy via OpenTopography VRT."
"rema_v2","https://raw.githubusercontent.com/mdsumner/rema-ovr/main/REMA-2m_dem_ovr.vrt","vrt_url","elevation","pgc","EPSG:3031","attribution","","","ok","2026-07-08","REMA v2 2m mosaic, VRT with efficient overviews. See github.com/mdsumner/rema-ovr."
"ibcso","https://github.com/mdsumner/ibcso-cog/raw/main/IBCSO_v2_ice-surface_cog.tif","cog","bathymetry","ibcso","EPSG:9354","attribution","","","ok","2026-07-08","IBCSO v2 ice surface COG."
"ibcso_chart","https://github.com/mdsumner/ibcso-cog/raw/main/IBCSO_v2_digital_chart.tif","cog","bathymetry","ibcso","EPSG:9354","attribution","","","ok","2026-07-08","IBCSO v2 digital chart image."
"tasmania_dem_2m","https://s3.us-west-2.amazonaws.com/us-west-2.opendata.source.coop/alexgleith/tasmania-dem-2m/Tasmania_Statewide_2m_DEM_14-08-2021.tif","cog","elevation","source_coop","EPSG:28355","CC-BY-4.0","","","ok","2026-07-08","Tasmania statewide 2m DEM by MRT 2021, COG by Alex Leith on source.coop."
"dea_250m_dem","https://s3.ap-southeast-2.amazonaws.com/ausseabed-public-warehouse-bathymetry/L3/6009f454-290d-4c9a-a43d-00b254681696/Australian_Bathymetry_and_Topography_2023_250m_MSL_cog.tif","cog","bathymetry","ga","EPSG:4326","CC-BY-4.0","","","dead","2026-07-08","AusBathyTopo 250m 2023, superseded 2024-12-05 by AusBathyTopo 250m 2024 (eCat 150050, doi:10.26186/150050); the 2023 S3 object is gone. Add the 2024 COG once located in the ausseabed-public-warehouse-bathymetry L3 listing."
"usgs_seamless","https://prd-tnm.s3.amazonaws.com/StagedProducts/Elevation/1/TIFF/USGS_Seamless_DEM_1.vrt","vrt_url","elevation","usgs","EPSG:4269","public-domain","","","ok","2026-07-08","USGS 3DEP seamless 1 arc-second DEM VRT."
"mapterhorn_elevation","mapterhorn_elevation.vrt","vrt_file","elevation","mapterhorn","EPSG:3857","attribution","","","ok","2026-07-08","Terrarium terrain RGB unpacked by muparser pixel function. Requires GDAL >= 3.14 with muparser."
"cgaz","https://github.com/mdsumner/geoboundaries/releases/download/latest/geoBoundariesCGAZ_ADM0.parquet","parquet","admin","geoboundaries","EPSG:4326","CC-BY-4.0","","","ok","2026-07-08","geoBoundaries CGAZ ADM0 as GeoParquet (fast). Layer geoBoundariesCGAZ_ADM0, see CGAZ_sql()."
"cgaz_zip","https://github.com/wmgeolab/geoBoundaries/raw/main/releaseData/CGAZ/geoBoundariesCGAZ_ADM0.zip","zip_vector","admin","geoboundaries","EPSG:4326","CC-BY-4.0","","","deprecated","2026-07-08","Original zipped shapefile, slow. Use cgaz."
"addrock","https://github.com/AustralianAntarcticDivision/rema.proc/raw/refs/heads/master/01_rock_classification/Medium_resolution_vector_polygons_of_Antarctic_rock_outcrop_-_VERSION_7.3.zip/Medium resolution vector polygons of Antarctic rock outcrop - VERSION 7.3/add_rock_outcrop_medium_res_polygon_v7.3.gpkg","zip_vector","admin","bas","EPSG:3031","attribution","","","ok","2026-07-08","ADD medium resolution Antarctic rock outcrop v7.3. data.bas.ac.uk id GB/NERC/BAS/PDC/01409."
"list_parcel_shp","https://listdata.thelist.tas.gov.au/opendata/data/LIST_PARCELS_HOBART.zip/list_parcels_hobart.shp","zip_vector","cadastre","thelist","EPSG:28355","CC-BY","","","ok","2026-07-08","Hobart cadastral parcels shapefile in zip. NOTE: scheme https:// added here; the original sds string had none."
"wms_openstreetmap_tms","wms_openstreetmap_tms.xml","xml_file","basemap","openstreetmap","EPSG:3857","ODbL","","","ok","2026-07-08","OSM raster tiles via GDAL_WMS TMS. Set a UserAgent for heavy use per OSM tile policy."
"usgs_topo","WMTS:https://basemap.nationalmap.gov/arcgis/rest/services/USGSTopo/MapServer/WMTS/1.0.0/WMTSCapabilities.xml,layer=USGSTopo,tilematrixset=default028mm","wmts","basemap","usgs","EPSG:3857","public-domain","","","ok","2026-07-08","USGS National Map topographic."
"usgs_imagery","WMTS:https://basemap.nationalmap.gov/arcgis/rest/services/USGSImageryOnly/MapServer/WMTS/1.0.0/WMTSCapabilities.xml,layer=USGSImageryOnly,tilematrixset=default028mm","wmts","imagery","usgs","EPSG:3857","public-domain","","","ok","2026-07-08","USGS National Map imagery only."
"usgs_imagery_topo","WMTS:https://basemap.nationalmap.gov/arcgis/rest/services/USGSImageryTopo/MapServer/WMTS/1.0.0/WMTSCapabilities.xml,layer=USGSImageryTopo,tilematrixset=default028mm","wmts","basemap","usgs","EPSG:3857","public-domain","","","ok","2026-07-08","USGS National Map imagery with topo overlay."
"usgs_shaded_relief","WMTS:https://basemap.nationalmap.gov/arcgis/rest/services/USGSShadedReliefOnly/MapServer/WMTS/1.0.0/WMTSCapabilities.xml,layer=USGSShadedReliefOnly,tilematrixset=default028mm","wmts","basemap","usgs","EPSG:3857","public-domain","","","ok","2026-07-08","USGS National Map shaded relief only."
"usgs_hydro","WMTS:https://basemap.nationalmap.gov/arcgis/rest/services/USGSHydroCached/MapServer/WMTS/1.0.0/WMTSCapabilities.xml,layer=USGSHydroCached,tilematrixset=default028mm","wmts","basemap","usgs","EPSG:3857","public-domain","","","ok","2026-07-08","USGS National Map hydrography cache."
"usgs_tnmblank","WMTS:https://basemap.nationalmap.gov/arcgis/rest/services/USGSTNMBlank/MapServer/WMTS/1.0.0/WMTSCapabilities.xml,layer=USGSTNMBlank,tilematrixset=default028mm","wmts","basemap","usgs","EPSG:3857","public-domain","","","dead","2026-07-08","USGS TNMBlank service removed from basemap.nationalmap.gov (capabilities 404 while sibling services respond)."
"tasmap_aerialphoto2020","WMTS:https://services.thelist.tas.gov.au/arcgis/rest/services/Basemaps/AerialPhoto2020/MapServer/WMTS/1.0.0/WMTSCapabilities.xml,layer=Basemaps_AerialPhoto2020,tilematrixset=default028mm","wmts","imagery","thelist","EPSG:3857","CC-BY","","","ok","2026-07-08","Tasmania aerial photo 2020."
"tasmap_aerialphoto2021","WMTS:https://services.thelist.tas.gov.au/arcgis/rest/services/Basemaps/AerialPhoto2021/MapServer/WMTS/1.0.0/WMTSCapabilities.xml,layer=Basemaps_AerialPhoto2021,tilematrixset=default028mm","wmts","imagery","thelist","EPSG:3857","CC-BY","","","ok","2026-07-08","Tasmania aerial photo 2021."
"tasmap_aerialphoto2022","WMTS:https://services.thelist.tas.gov.au/arcgis/rest/services/Basemaps/AerialPhoto2022/MapServer/WMTS/1.0.0/WMTSCapabilities.xml,layer=Basemaps_AerialPhoto2022,tilematrixset=default028mm","wmts","imagery","thelist","EPSG:3857","CC-BY","","","ok","2026-07-08","Tasmania aerial photo 2022."
"tasmap_aerialphoto2023","WMTS:https://services.thelist.tas.gov.au/arcgis/rest/services/Basemaps/AerialPhoto2023/MapServer/WMTS/1.0.0/WMTSCapabilities.xml,layer=Basemaps_AerialPhoto2023,tilematrixset=default028mm","wmts","imagery","thelist","EPSG:3857","CC-BY","","","ok","2026-07-08","Tasmania aerial photo 2023."
"tasmap_esgismapbook","WMTS:https://services.thelist.tas.gov.au/arcgis/rest/services/Basemaps/ESgisMapBookPUBLIC/MapServer/WMTS/1.0.0/WMTSCapabilities.xml,layer=Basemaps_ESgisMapBookPUBLIC,tilematrixset=default028mm","wmts","basemap","thelist","EPSG:3857","CC-BY","","","ok","2026-07-08","Tasmania ES GIS map book public."
"tasmap_hillshadegrey","WMTS:https://services.thelist.tas.gov.au/arcgis/rest/services/Basemaps/HillshadeGrey/MapServer/WMTS/1.0.0/WMTSCapabilities.xml,layer=Basemaps_HillshadeGrey,tilematrixset=default028mm","wmts","basemap","thelist","EPSG:3857","CC-BY","","","ok","2026-07-08","Tasmania hillshade grey."
"tasmap_hillshade","WMTS:https://services.thelist.tas.gov.au/arcgis/rest/services/Basemaps/Hillshade/MapServer/WMTS/1.0.0/WMTSCapabilities.xml,layer=Basemaps_Hillshade,tilematrixset=default028mm","wmts","basemap","thelist","EPSG:3857","CC-BY","","","ok","2026-07-08","Tasmania hillshade."
"tasmap_orthophoto","WMTS:https://services.thelist.tas.gov.au/arcgis/rest/services/Basemaps/Orthophoto/MapServer/WMTS/1.0.0/WMTSCapabilities.xml,layer=Basemaps_Orthophoto,tilematrixset=default028mm","wmts","imagery","thelist","EPSG:3857","CC-BY","","","ok","2026-07-08","Tasmania orthophoto."
"tasmap_simplebasemap","WMTS:https://services.thelist.tas.gov.au/arcgis/rest/services/Basemaps/SimpleBasemap/MapServer/WMTS/1.0.0/WMTSCapabilities.xml,layer=Basemaps_SimpleBasemap,tilematrixset=default028mm","wmts","basemap","thelist","EPSG:3857","CC-BY","","","ok","2026-07-08","Tasmania simple basemap."
"tasmap_100k","WMTS:https://services.thelist.tas.gov.au/arcgis/rest/services/Basemaps/Tasmap100K/MapServer/WMTS/1.0.0/WMTSCapabilities.xml,layer=Basemaps_Tasmap100K,tilematrixset=default028mm","wmts","basemap","thelist","EPSG:3857","CC-BY","","","ok","2026-07-08","Tasmap 100K."
"tasmap_250k","WMTS:https://services.thelist.tas.gov.au/arcgis/rest/services/Basemaps/Tasmap250K/MapServer/WMTS/1.0.0/WMTSCapabilities.xml,layer=Basemaps_Tasmap250K,tilematrixset=default028mm","wmts","basemap","thelist","EPSG:3857","CC-BY","","","ok","2026-07-08","Tasmap 250K."
"tasmap_25k","WMTS:https://services.thelist.tas.gov.au/arcgis/rest/services/Basemaps/Tasmap25K/MapServer/WMTS/1.0.0/WMTSCapabilities.xml,layer=Basemaps_Tasmap25K,tilematrixset=default028mm","wmts","basemap","thelist","EPSG:3857","CC-BY","","","ok","2026-07-08","Tasmap 25K."
"tasmap_500k","WMTS:https://services.thelist.tas.gov.au/arcgis/rest/services/Basemaps/Tasmap500K/MapServer/WMTS/1.0.0/WMTSCapabilities.xml,layer=Basemaps_Tasmap500K,tilematrixset=default028mm","wmts","basemap","thelist","EPSG:3857","CC-BY","","","ok","2026-07-08","Tasmap 500K."
"tasmap_raster","WMTS:https://services.thelist.tas.gov.au/arcgis/rest/services/Basemaps/TasmapRaster/MapServer/WMTS/1.0.0/WMTSCapabilities.xml,layer=Basemaps_TasmapRaster,tilematrixset=default028mm","wmts","basemap","thelist","EPSG:3857","CC-BY","","","ok","2026-07-08","Tasmap raster."
"tasmap_topographicgrey","WMTS:https://services.thelist.tas.gov.au/arcgis/rest/services/Basemaps/TopographicGrayScale/MapServer/WMTS/1.0.0/WMTSCapabilities.xml,layer=Basemaps_TopographicGrayScale,tilematrixset=default028mm","wmts","basemap","thelist","EPSG:3857","CC-BY","","","ok","2026-07-08","Tasmania topographic grayscale."
"tasmap_topographic","WMTS:https://services.thelist.tas.gov.au/arcgis/rest/services/Basemaps/Topographic/MapServer/WMTS/1.0.0/WMTSCapabilities.xml,layer=Basemaps_Topographic,tilematrixset=default028mm","wmts","basemap","thelist","EPSG:3857","CC-BY","","","ok","2026-07-08","Tasmania topographic."
"tasmap_street","WMTS:https://services.thelist.tas.gov.au/arcgis/rest/services/Raster/TTSA/MapServer/WMTS/1.0.0/WMTSCapabilities.xml,layer=Raster_TTSA","wmts","basemap","thelist","EPSG:3857","CC-BY","","","ok","2026-07-08","Tasmania street atlas. NOTE: original sds entry lacked the WMTS: prefix and layer; layer name here needs verification against capabilities."
"esri_world_imagery","WMTS:https://services.arcgisonline.com/arcgis/rest/services/World_Imagery/MapServer/WMTS/1.0.0/WMTSCapabilities.xml,layer=World_Imagery","wmts","imagery","esri","EPSG:3857","esri-terms","","","ok","2026-07-08","ESRI World Imagery. Composes with vrt://...?ovr=N for zoom limiting."
"esri_world_street_map","WMTS:https://services.arcgisonline.com/arcgis/rest/services/World_Street_Map/MapServer/WMTS/1.0.0/WMTSCapabilities.xml,layer=World_Street_Map","wmts","basemap","esri","EPSG:3857","esri-terms","","","ok","2026-07-08","ESRI World Street Map. ESRI legacy raster in mature support; phased retirement begins March 2028."
"esri_world_topo","WMTS:https://services.arcgisonline.com/arcgis/rest/services/World_Topo_Map/MapServer/WMTS/1.0.0/WMTSCapabilities.xml,layer=World_Topo_Map","wmts","basemap","esri","EPSG:3857","esri-terms","","","ok","2026-07-08","ESRI World Topo Map. ESRI legacy raster in mature support; phased retirement begins March 2028."
"esri_ocean","WMTS:https://services.arcgisonline.com/arcgis/rest/services/Ocean_Basemap/MapServer/WMTS/1.0.0/WMTSCapabilities.xml,layer=Ocean_Basemap","wmts","basemap","esri","EPSG:3857","esri-terms","","","dead","2026-07-08","Legacy raster Ocean_Basemap retired by ESRI 2022-12-01; no raster WMTS successor (vector basemaps only). Seeded in error from the unvalidated branch catalog."
"esri_dark_gray","WMTS:https://services.arcgisonline.com/arcgis/rest/services/Canvas/World_Dark_Gray_Base/MapServer/WMTS/1.0.0/WMTSCapabilities.xml,layer=World_Dark_Gray_Base","wmts","basemap","esri","EPSG:3857","esri-terms","","","ok","2026-07-08","ESRI dark gray canvas. ESRI legacy raster in mature support; phased retirement begins March 2028."
"esri_light_gray","WMTS:https://services.arcgisonline.com/arcgis/rest/services/Canvas/World_Light_Gray_Base/MapServer/WMTS/1.0.0/WMTSCapabilities.xml,layer=World_Light_Gray_Base","wmts","basemap","esri","EPSG:3857","esri-terms","","","ok","2026-07-08","ESRI light gray canvas. ESRI legacy raster in mature support; phased retirement begins March 2028."
"nasa_blue_marble","WMTS:https://gibs.earthdata.nasa.gov/wmts/epsg3857/best/1.0.0/WMTSCapabilities.xml,layer=BlueMarble_NextGeneration","wmts","imagery","nasa_gibs","EPSG:3857","public-domain","","","ok","2026-07-08","NASA GIBS Blue Marble Next Generation, web mercator."
"nasa_modis_terra_truecolor","WMTS:https://gibs.earthdata.nasa.gov/wmts/epsg3857/best/1.0.0/WMTSCapabilities.xml,layer=MODIS_Terra_CorrectedReflectance_TrueColor","wmts","imagery","nasa_gibs","EPSG:3857","public-domain","","","ok","2026-07-08","MODIS Terra true colour, time-varying layer (GIBS serves latest by default)."
"nasa_viirs_snpp_truecolor","WMTS:https://gibs.earthdata.nasa.gov/wmts/epsg3857/best/1.0.0/WMTSCapabilities.xml,layer=VIIRS_SNPP_CorrectedReflectance_TrueColor","wmts","imagery","nasa_gibs","EPSG:3857","public-domain","","","ok","2026-07-08","VIIRS SNPP true colour, time-varying layer."
"nasa_antarctic_blue_marble","WMTS:https://gibs.earthdata.nasa.gov/wmts/epsg3031/best/1.0.0/WMTSCapabilities.xml,layer=BlueMarble_NextGeneration","wmts","imagery","nasa_gibs","EPSG:3031","public-domain","","","ok","2026-07-08","Blue Marble in native Antarctic polar stereographic. No reprojection needed for 3031 workflows."
"nasa_antarctic_modis","WMTS:https://gibs.earthdata.nasa.gov/wmts/epsg3031/best/1.0.0/WMTSCapabilities.xml,layer=MODIS_Terra_CorrectedReflectance_TrueColor","wmts","imagery","nasa_gibs","EPSG:3031","public-domain","","","ok","2026-07-08","MODIS Terra true colour, native EPSG:3031."
"nasa_arctic_blue_marble","WMTS:https://gibs.earthdata.nasa.gov/wmts/epsg3413/best/1.0.0/WMTSCapabilities.xml,layer=BlueMarble_NextGeneration","wmts","imagery","nasa_gibs","EPSG:3413","public-domain","","","ok","2026-07-08","Blue Marble in native Arctic polar stereographic."
"ga_topo","WMTS:https://services.ga.gov.au/gis/rest/services/Topographic_Base_Map/MapServer/WMTS/1.0.0/WMTSCapabilities.xml,layer=Topographic_Base_Map","wmts","basemap","ga","EPSG:3857","CC-BY-4.0","","","ok","2026-07-08","Geoscience Australia topographic base map."
"ga_national_map","WMTS:https://services.ga.gov.au/gis/rest/services/NationalBaseMap/MapServer/WMTS/1.0.0/WMTSCapabilities.xml,layer=NationalBaseMap","wmts","basemap","ga","EPSG:3857","CC-BY-4.0","","","ok","2026-07-08","Geoscience Australia National Base Map (colour), seamless topographic mapping incl. external territories and the Australian Antarctic Territory (GA + AAD + OSM). Previous row used the wrong service name (NationalMap)."
"swisstopo_pixelkarte","WMTS:https://wmts.geo.admin.ch/EPSG/3857/1.0.0/WMTSCapabilities.xml,layer=ch.swisstopo.pixelkarte-farbe","wmts","basemap","swisstopo","EPSG:3857","opendata-swiss","","","ok","2026-07-08","Swisstopo pixel map colour, web mercator. Free since March 2021."
"swisstopo_swissimage","WMTS:https://wmts.geo.admin.ch/EPSG/3857/1.0.0/WMTSCapabilities.xml,layer=ch.swisstopo.swissimage","wmts","imagery","swisstopo","EPSG:3857","opendata-swiss","","","ok","2026-07-08","Swissimage orthophoto, web mercator."
"swisstopo_pixelkarte_lv95","WMTS:https://wmts.geo.admin.ch/EPSG/2056/1.0.0/WMTSCapabilities.xml,layer=ch.swisstopo.pixelkarte-farbe","wmts","basemap","swisstopo","EPSG:2056","opendata-swiss","","","ok","2026-07-08","Swisstopo pixel map in native LV95."
"aadc_wfs","WFS:https://data.aad.gov.au/geoserver/ows?service=wfs&version=2.0.0&request=GetCapabilities","raw","catalog","aadc","mixed","varies","","","ok","2026-07-08","AADC geoserver WFS capabilities."
"aadc_wms","WMS:https://data.aad.gov.au/geoserver/ows?service=WMS&version=1.3.0&request=GetCapabilities","raw","catalog","aadc","mixed","varies","","","ok","2026-07-08","AADC geoserver WMS capabilities."
"aadc_wcs","WCS:https://data.aad.gov.au/geoserver/ows?service=WCS&acceptversions=2.0.1&request=GetCapabilities","raw","catalog","aadc","mixed","varies","","","ok","2026-07-08","AADC geoserver WCS capabilities."
"dea_wfs","WFS:http://geoserver.dea.ga.gov.au/geoserver/wfs?REQUEST=GetCapabilities","raw","catalog","dea","mixed","CC-BY-4.0","","","ok","2026-07-08","Digital Earth Australia WFS capabilities."
"dea_wmts","WMTS:https://ows.dea.ga.gov.au/?service=WMTS&request=GetCapabilities","raw","catalog","dea","mixed","CC-BY-4.0","","","ok","2026-07-08","Digital Earth Australia WMTS capabilities. Open the capabilities and pick a layer."
"gadm","https://github.com/hypertidy/sds/releases/download/latest/gadm_410.parquet","parquet","admin","gadm","EPSG:4326","gadm-noncommercial","","","ok","2026-07-08","GADM 4.1 whole-planet administrative areas as GeoParquet, hosted as an sds release asset. Original GeoPackage is gadm_gpkg. Free for academic/non-commercial use only: gadm.org/license."
"gebco26","https://data.source.coop/ausantarctic/gebco/GEBCO_2026.tif","cog","bathymetry","gebco","EPSG:4326","attribution","","","ok","2026-10-01","GEBCO 2026 ice surface. Hosted on Source Cooperative by the Australian Antarctic Division."
"gadm_gpkg","https://geodata.ucdavis.edu/gadm/gadm4.1/gadm_410-raw.gpkg","gpkg","admin","gadm","EPSG:4326","gadm-noncommercial","","","ok","2026-10-01","GADM 4.1 whole-planet GeoPackage streamable from geodata.ucdavis.edu (the -raw.gpkg). Parquet form is the gadm row."
"ga_national_map_greyscale","WMTS:https://services.ga.gov.au/gis/rest/services/NationalBaseMap_GreyScale/MapServer/WMTS/1.0.0/WMTSCapabilities.xml,layer=NationalBaseMap_GreyScale","wmts","basemap","ga","EPSG:3857","CC-BY-4.0","","","ok","2026-10-01","GA National Base Map greyscale variant. Layer identifier to be confirmed by the link check."
"esri_world_imagery_tms","esri_world_imagery_tms.xml","xml_file","imagery","esri","EPSG:3857","esri-terms","","","ok","2026-10-01","ESRI World Imagery via GDAL_WMS TMS tiles. WMTS form is esri_world_imagery."
"esri_world_street_tms","esri_world_street_tms.xml","xml_file","basemap","esri","EPSG:3857","esri-terms","","","ok","2026-10-01","ESRI World Street Map via GDAL_WMS TMS tiles. WMTS form is esri_world_street_map."
"google_hybrid_tms","google_hybrid_tms.xml","xml_file","imagery","google","EPSG:3857","google-tos","","","ok","2026-10-01","Google hybrid (satellite + labels) tiles via GDAL_WMS TMS. Subject to Google Maps terms of use."
"google_terrain_streets_tms","google_terrain_streets_tms.xml","xml_file","basemap","google","EPSG:3857","google-tos","","","ok","2026-10-01","Google terrain/streets/water tiles via GDAL_WMS TMS. Subject to Google Maps terms of use."
"virtualearth_aerial","virtualearth_aerial.xml","xml_file","imagery","microsoft","EPSG:3857","microsoft-tos","","","ok","2026-10-01","Bing/VirtualEarth aerial tiles via the GDAL_WMS VirtualEarth service."
"virtualearth_street","virtualearth_street.xml","xml_file","basemap","microsoft","EPSG:3857","microsoft-tos","","","ok","2026-10-01","Bing/VirtualEarth street tiles via the GDAL_WMS VirtualEarth service."
"amazon_elevation_tms","amazon_elevation_tms.xml","xml_file","elevation","aws","EPSG:3857","attribution","","","ok","2026-10-01","Terrarium terrain GeoTIFF tiles on AWS (elevation-tiles-prod) via GDAL_WMS TMS. Set a UserAgent for sustained use."
"sa_streetmap","WMTS:https://maps.sa.gov.au/arcgis/rest/services/BaseMaps/StreetMap_wmas/MapServer/WMTS/1.0.0/WMTSCapabilities.xml","wmts","basemap","sa_gov","EPSG:3857","","","","ok","2026-10-01","South Australia street map basemap; capabilities-level, no layer pinned. From the unexported ozgrab grab-bag; unvalidated until the link check adjudicates."
"qld_topo","WMTS:https://spatial-gis.information.qld.gov.au/arcgis/rest/services/Basemaps/QldMap_Topo/MapServer/WMTS/1.0.0/WMTSCapabilities.xml","wmts","basemap","qld_gov","EPSG:3857","","","","ok","2026-10-01","Queensland topographic basemap; capabilities-level, no layer pinned. From the unexported ozgrab grab-bag; unvalidated until the link check adjudicates."
"nsw_land_soil_capability","WMTS:https://mapprod1.environment.nsw.gov.au/arcgis/rest/services/LandCap/LandAndSoilCapability_EDP/MapServer/WMTS/1.0.0/WMTSCapabilities.xml","wmts","landcover","nsw_gov","EPSG:3857","","","","ok","2026-10-01","NSW land and soil capability layers; capabilities-level, no layer pinned. From the unexported ozgrab grab-bag; unvalidated until the link check adjudicates."
"ga_canberra_2014_wms","WMS:http://services.ga.gov.au/gis/services/Ausimage_Canberra_2014/ImageServer/WMSServer?SERVICE=WMS&VERSION=1.1.1&REQUEST=GetMap&LAYERS=Ausimage_Canberra_2014&SRS=EPSG:4326&BBOX=148.887753,-35.516701,149.293527,-35.122388","raw","imagery","ga","EPSG:3857","","","","ok","2026-10-01","GA Canberra 2014 imagery as a full WMS GetMap connection string. From the unexported ozgrab grab-bag; unvalidated until the link check adjudicates."
"ga_marine_geomorphic_wms","WMS:https://services.ga.gov.au/gis/services/Marine_Geomorphic_Features/MapServer/WmsServer?SERVICE=WMS&VERSION=1.1.1&REQUEST=GetMap&LAYERS=Geomorphic_Features&SRS=EPSG:4326&BBOX=93.412315,-60.923248,171.801102,-8.472063","raw","bathymetry","ga","EPSG:3857","","","","ok","2026-10-01","GA marine geomorphic features as a full WMS GetMap connection string. From the unexported ozgrab grab-bag; unvalidated until the link check adjudicates."
"wa_gsd_basemap","WMTS:https://gissdi.dmp.wa.gov.au/gisexternal/rest/services/External/GSD_Basemap_External/MapServer/WMTS/1.0.0/WMTSCapabilities.xml","wmts","basemap","wa_gov","EPSG:3857","","","","ok","2026-10-01","WA GSD external basemap; capabilities-level, no layer pinned. From the unexported ozgrab grab-bag; unvalidated until the link check adjudicates."
"vic_basemap","WMTS:https://base.maps.vic.gov.au/service?service=wmts&request=getCapabilities,layer=CARTO_WM_256","wmts","basemap","vic_gov","EPSG:3857","","","","ok","2026-10-01","Victoria CARTO basemap, layer pinned in the WMTS connection string. From the unexported ozgrab grab-bag; unvalidated until the link check adjudicates."
"esa_worldcover_2020","esa_worldcover_2020.xml","xml_file","landcover","esa","EPSG:3857","CC-BY-4.0","","","ok","2026-10-01","ESA WorldCover 2020 map via terrascope WMS as a GDAL_WMS recipe."
